Sr. No,Study No.,Study Title,Principle Investigator,Current Status,Publication 
1,2013,Impact of Anti glaucoma Medication on ocular Surface (Prospective cross sectional study),Dr. Sapna Kini,Completed,No
2,2013,To find out efficacy of integrated approach towards childhood  asthma (Hypersensitive airways) compared with conventional treatment (Retrospective study),Dr. Memane,Completed,Yes
3,2013,A Preliminary retrospective study on blood group and male infertility: Is there a connection?,Dr. Sunita Prasad,Withdrawn by PI,No
4,2013,Perceptions of Laypersons on the Institutional Review Boards about Their Role and Current Practices,Mrs. Mukta Kuyare,Completed,No
5,2013,A prospective single arm physician Initiated Trial (PIT) to assess safety and efficacy of Biolimus 49- Eluting Stent (BES): All- Comers including complex cases sub-group,Dr. Rajiv Bhagwat,Completed,No
6,2013,"Effect of preoperative and postoperative spiritual care on quality of life , spiritual well being, anxiety and life style in cancer patient undergoing surgical treatment.",Dr Komal Dalal,Completed,No
7,2013,"Effect of spiritual care on Quality of life, spiritual well being, anxiety and lifestyle among relative or caregiver of cancer diagnosed patient",Dr Komal Dalal,Completed,Yes
8,2013,Assessment of  Effect of various lifestyle factors on semen parameters,Dr. Sunita Prasad,Completed,No
9,2013,Assessment of intravenous complications of neonates admitted in NICU at BhaktiVedanta hospital.,Mrs. Bindumol Mathew,Completed,No
10,2013,To study factors influencing selection of antibiotics for Lower Respiratory Tract Infections (LRTI) in hospitalized patient and its impact on outcome,Dr Ajay Godse,Completed,No
12,2013,Vitamin D level in patients having chronic musculoskeletal complaints visited to Rheumatology OPD Clinic: A Retrospective Study,Dr Pramodini Shankaran,Completed,No
13,2013,A Pilot Study To Explore The Knowledge Attitude And Practices Of Care Givers In Relation To Home Care Of Schizophrenic Patient,Mrs. Swati Bhide,Completed,No
14,2013,A pilot explorative study to assess the effectiveness of knowledge on fever and its management among mothers of under five children through structured teaching program in Chena community,Mrs. Jyotsna Tamore,Completed,No
15,2013,An analytical study to assess the knowledge about management of pressure ulcers among staff nurses working in Intensive Care Unit,Mrs. Jyotsna Tamore,Completed,No
16,2013,An explorative study to assess the lifestyle of chronic renal failure patients receiving hemodialysis,Mrs. Swati Bhide,Completed,No
17,2014,Randomised controlled study to access effect of spiritual care of patients with generalised anxiety and depression visited to Psychiatric OPD at BhaktiVedanta Hospital,Dr Komal Dalal,Completed,Yes
18,2014,A retrospective analysis of Complications of laparoscopic cholecystectomy in symptomatic and asymptomatic cholecysto- lithiasis,Dr B. C Shah,Completed,Yes
19,2014,Pilot study of the health related quality of life of diabetic patients in a hospital of modern urban city in India and comparing the current Indian diabetes management with international practices.,Dr Ameya Joshi,Completed,No
20,2014,"A randomized, Open label, controlled study to evaluate  Effect of pressure relieving device (ALPHAXCELL)  on development and progress of pressure ulcer among patients  admitted to intensive care units of BhaktiVedanta hospital",Mrs Uma Shetkar,Completed,No
21,2014,Retrospective analysis of antibiotic sensitivity pattern of urinary pathogens at BhaktiVedanta Hospital.,Dr Sivaprasad Gourabathini,Completed,No
22,2014,Phacoemulsification in a rural camp setting-a feasibity Report.,Dr. Suraj Bhagde,Completed,Yes
23,2015,A Comparative study to find out prevalence of overweight among secondary school children from government and private school in mira road area,Mrs Uma Shetkar,Completed,No
24,2015,Study to assess effect of counseling with Holistic approach in the treatment of depression among the patients related to interpersonal relationship issues visited to psychiatric O.P.D at BhaktiVedanta Hospital and Research Institute,Papiya Sanyal,Completed,No
25,2015,Study to assess effect of counseling combined with spirituality among psychiatric patients who have had bad experiences in their lives leading to loss of faith in the Supreme visited to psychiatric O.P.D. at BhaktiVedanta Hospital and Research Institute,Aleya Sanyal,Completed,Yes
26,2015,Histopathological Examination of Gallbladder for early detection of malignancy -  Retrospective analysis from a suburban hospital in Mumbai,Dr B. C Shah,Completed,No
27,2015,"A prospective , controlled study to assess effect of Spiritual therapy in patient undergoing Angioplasty at Bhaktivedanta Hospital",Dr Komal Dalal,Completed,Yes
28,2015,A Study to assess knowledge and practice among staff nurses regarding care of central venous catheter in Bhaktivedanta Hospital,Mrs Uma Shetkar,Completed,No
29,2016,"A prospective, controlled study to assess effect of Spiritual therapy in patient undergoing hemodialysis at Bhaktivedanta Hospital",Dr Komal Dalal,Completed,Yes
30,2016,A Retrospective evaluation of waiting time of patients visiting OPD of Opthalmalogy Department at BhaktiVedanta Hospital and Research Institute,Dr.Alok Kumar,Completed,No
31,2016,"Assessment of Clinical profile, antibiotic sensitivity and prescription pattern in blood culture positive enteric fever pediatric and adult patients admitted in tertiary care Hospital",Dr Swapnil Gautam,Completed,Yes
32,2016,"Evaluation of Knowledge, Attitude, Practices regarding social aspects in clinical research: Questionnaire based study",Dr.Vijaykumar Gawali,Completed,No
33,2016,Effect of spiritual care on variability of Blood sugar and Ambulatory Blood Pressure among patients diagnosed with Type II Diabetes Mellitus and history of hypertension,Dr Komal Dalal,Completed,Yes
34,2016,Study of Co-relation between Androgen Receptor Expression and Clinical Impact on Overall Survival of patients diagnosed with Triple Negative Breast Cancer: A Retrospective study,Dr Nirmal Raut,Completed,No
35,2016,"An observational study on occurrence and co- relation of blood pressure and random blood glucose with general, nutritional, occupational and lifestyle related parameters in general population.",Mrs Uma Shetkar,Completed,No
36,2016,"Assessment of random sugar correlation with lifestyle, nutrition, family history, occupation of non-diabetic patients in Chena village of Thane district",Mrs Uma Shetkar,Completed,No
37,2017,"Study of Perception, Knowledge and Awareness about Anesthesia and Role of Anesthesiologist, among Preoperatively and postoperatively patients undergoing anesthesia procedure in Tertiary Care Hospital.",Dr. Shilpa Tiwaskar,Completed,Yes
38,2017,Awareness of blood donation amongst health care workers in tertiary care hospitals: A cross sectional multicentric study.,Dr. Sunita Prasad,Completed,No
39,2017,Retrospective analysis of life style of patients admitted to tertiary care multispecialty Hospital,Dr Komal Dalal,Completed,No
41,2017,Assessment of Clinical Outcome of Platelet Rich Plasma (PRP) Injection in Progression of  Mild to Moderate Osteoarthritis Patients. A Retrospective Study .,Dr Girish Rathod,Completed,Yes
42,2017,"Oral endotracheal intubation with kingvision videolaryngoscope assisted with or without a maneuverable Ambuscope bougie, a comparative study.",Dr. Vivek Kulkarni,Completed,No
45,2017,Assessing the prevalence of exclusive breastfeeding vs. formula feeding among urban women with infants (0-6),Mrs. Vaidehi Nawathe,Completed,No
46,2018,Nutrition education awareness and nutrition assessment of breast cancer patients undergoing chemotherapy,Mrs. Vaidehi Nawathe,Completed,No
47,2018,Effect of IAYT (Integrated Approach of Yoga Therapy) on stress in health care professionals.,Dr Girish Rathod,Completed,No
48,2018,A Comparative Study of Quality of Life of Recovered Schizophrenics and Non- Schizophrenics,Dr. Devendra Save,Completed,No
50,2018,Evaluation of a Krishna Conscious Lifestyle in ISKCON Devotees- A multi-center study.,Dr Komal Dalal,Ongoing,No
51,2018,To study sensitivity of Typhidot IgM test as a quick diagnostic tool in children with clinically compatible enteric fever in urban setting.,Dr. Sandeep Garg,Withdrawn by PI,NA
53,2018,Clinical Profile and Susceptibility pattern of children with  Methicillin-resistant Staphylococcus aureus (MRSA) infection in a tertiary care hospital.,Dr. Anuradha Joshi,Ongoing,No
54,2018,To study clinical and laboratory profile of enteric fever in children in urban population.,Dr. Sandeep Garg,Ongoing,No
55,2018,Study of incidence of breastfeeding failure jaundice in cases of neonatal hyperbilirubinemia in a suburban hospital,Dr. Sandeep Garg,Completed,Yes
56,2018,To study sensitivity of Typhidot IgM test as a quick diagnostic tool in children with clinically compatible enteric fever in urban setting.,Dr. Sandeep Garg,Ongoing,No
57,2018,"A Prospective, Pilot, Randomized, Two arm, Parallel  Group Study  to Assess the Efficacy of  Curcumin and Lycopene on patients with established Types II Diabetes Mellitus.",Dr. Dhaval Dalal,Withdrawn by PI,NA
58,2018,Assessment of epidemiology & antibiotic sensitivity pattern of patients with community acquired urinary tract infection in north Mumbai.,Dr. Kinjal Patel,Completed,No
59,2018,"Retrospective , Non Randomized , single center , observational study on Impact of Nurses training and interventions in Inpatients suffering from thrombophlebitis.",Dr. Suraj Purushothaman,Completed,Yes
60,2018,Comparison of anaemia in health care workers with that of general population – Retrospective Study .,Dr. Dhaval Dalal,Ongoing,No
61,2018,Retrospective Audit of Antibiotic Prescription Pattern of Cardiovascular Thoracic Surgery Department ( CVTS ) in a Tertiary care Hospital of a Mumbai suburb.,Dr Swapnil Gautam,Completed,Yes
62,2018,Clinical profile of dengue in adults and factors warranted the transfer of patients from ward to critical settings at tertiary care hospital in north Mumbai.,Dr Swapnil Gautam,Ongoing,No
63,2018,Retrospective analysis of quality improvement interventions for reduction and prevention of bedsores at tertiary care hospital.,Dr. Suraj Purushothaman,Completed,No
64,2018,"Retrospective analysis of epidemiology, outcome & critical care interventions for the prevention of Ventilator Associated Pneumonia in a tertiary care hospital of North Mumbai.",Dr. Suraj Purushothaman,Completed,No
65,2018,Impact of a “Blood culture collection” bundle to reduce blood culture contamination rates - a Retrospective study from a tertiary care hospital in Mumbai,Dr. Kinjal Patel,Ongoing,No
66,2018,Subjective Sensory Experience during Topical Phacoemulsification.,Dr. Suraj Bhagde,Ongoing,No
67,2019,A prospective study of epidemiology and microbiological profile of patients having keratitis.,Dr. Kinjal Patel,Completed,Yes
68,2019,Analyses of methicillin resistant Staphylococcus aureus (MRSA) colonization in females admitted in maternity unit at tertiary care hospital.,Dr. Kinjal Patel,Completed,Yes
69,2019,"Knowledge, attitude and practice of Hand hygiene among different category of healthcare workers in a tertiary care hospital.",Dr. Kinjal Patel,Ongoing,No
71,2019,"Prospective , single center , observational study of Use of shear wave Elastography in assessment of liver fibrosis in patient with fatty liver.",Dr. Dhaval Dalal,Ongoing,No
72,2019,Prospective observational single center study on visceral fat thickness as the independent determinant of metabolic syndrome .,Dr. Dhaval Dalal,Completed,Yes
73,2019,Perceptions of doctors & general population about reuse of single use devices-A survey,Mrs.Mukta Kuyare,Ongoing,No
74,2019,Prospective cohort observational single center study of diabetic distress in suburban type 2 population,Dr Mohhamed Fahad,Completed,Yes
75,2019,"Prospective , single center , study of efficacy of trimethylglycine   in patients with fatty liver disease with or without fibrosis.",Dr.Puneet Jain,Completed,Yes
76,2019,The Prospective observational cross sectional study of association between sleep behaviour with paediatric recurrent respiratory illness and school functioning,Dr.Megha. M,Completed,Yes
77,2019,Prospective obervational study of effect of screen time exposure on behavioural and growth parameters in paediatric population.,Dr. Ranjitha Rani,Completed,Yes
78,2019,Prospective obervational study to assess the accuracy of urine dipstick nitrite and leukocyte esterase in case of pediatric urinary tract infection,Dr. Anurag Yenkar,Completed,Yes
79,2019,Prospective obervational study of thyroid stimulating hormone level in neonate of diabetic mother and neonate born of mother with thyroid dysfunction compared with neonate born of non diabetic and non thyroid mother.,Dr. Gaikwad Priyanka,Ongoing,No
80,2019,"A Prospective, single centre, single arm, interventional Study to assess the Role of Magnesium in improvement of glycaemic control among diabetic patients.",Dr.Dhaval Dalal,Ongoing,No
81,2019,To study the effect of spiritual therapy in the treatment of autistic children.,Dr.Komal Dalal,Ongoing,No
82,2019,"A Prospective, single centre, single arm, Cohort Study to Assess the Role of Magnesium Supplementation in improvement of symptoms and left ventricular function in  Heart Failure patients.",Dr.Dhaval Dalal,Ongoing,No
83,2019,"A  study on the effectiveness of spiritual care/holistic care on subjective wellbeing of undergraduate students in selected nursing education institute at Mumbai,Maharashtra",Mrs.Bhadrapriya S.Parab,Ongoing,No
84,2019,A retrospective study of epidemiology and microbiological profile of patients having keratitis.,Dr.kinjal patel,Completed,No
85,2019,A cross sectional study to assess knowledge and perceptions towards antibiotic use and resistance among the physicians and pharmacists-two major healthcare providers in mumbai.,Brinal Pareira,Ongoing,No
86,2019,Utilization of a mobile screening toolkit in the urban slum setting of mumbai,Ria Rungta,Completed,Yes
87,2020,“Major Neurological complications following central neural blockade – An observational study in Maharashtra”(MGMM CNB Study).,Dr.Shilpa Tiwaskar,Completed,No
88,2020,"Prospective , retrospective , single center , interventional , case control study of  Effect of Garbhsamskar Program on the quality of life of women in antepartum, intrapartum , post partum period and overall child development in terms of Intelligence quotient , developmental quotient and Spiritual quotient.",Dr.Komal Dalal,Withdrawn by PI,No
89,2020,Prospective single center interventional randomized controlled study of Efficacy/ Role of prophylactic antibiotics in Dilatation and curettage management .,Dr.Kamalapriya,Completed,Yes
90,2020,"Prospective, single center interventional randomized control study of role of early initiation of feeds in post lower segment caessarian section patients.",Dr.Vaishali Choudhary,Completed,No
91,2020,"An open label, non-randomized, single arm, prospective, interventional pilot study to evaluate efficacy of oral Etoposide and Tamoxifen as maintenance metronomic chemotherapy in patients diagnosed with Stage IIIC/IV High grade Serous Ovarian cancer.",Dr.Nirmal Raut,Ongoing,No
92,2020,Prevalence of diabetes and Prediabetes in adolescent and young adults in Western suburbs in Mumbai.,Dr.Dhaval Dalal,Ongoing,No
93,2020,"Prospective  , single center , observational , cohort  study of  Effect of Garbhasamskar Program on the quality of life of women in antepartum, intrapartum , post partum period.",Dr.Komal Dalal,Ongoing,No
94,2020,"Prospective  , single center , observational comparative study  to assess growth , development, Intelligence quotient and behavioral abnormalities in children born of mothers who underwent Garbhasamskar Program during pregnancy .",Dr.Komal Dalal,Ongoing,No
95,2020,A retrospective study of antimicrobial susceptibility pattern of Streptococcus pneumoniae over the period of 2 yrs at tertiary care hospital in North Mumbai.,Ms.Rutuja Darne,Completed,No
96,2020,Retrospective study of incidence of needle sticks and sharps injuries among healthcare workers in a tertiary care hospital of North Mumbai.,Ms.Trupti Carval,Ongoing,No
97,2020,"Culture & Sensitivity Pattern Of Aerobic Bacterial isolates in Diabetic Foot Infections, in a Suburban Tertiary Care Hospital In Mumbai – Retrospective study.",Dr.Sarang Degloorkar,Completed,Yes
98,2020,"Prospective , single center ,observational study on evaluation of use of hydroxy chloroquine as for prophylaxis of SARS- CoV-2 infection in , “health care workers” , in tertiary care center .",Dr.Dhaval Dalal,Completed,Yes
99,2020,Single centre interventional study of coping mechanisms in type 2 diabetes mellitus(T2DM) patients in suburban population and interventions to improve coping in T2DM,Ms.Bindumal Mathew,Ongoing,No
100,2020,"Prospective single center interventional Study evaluating integrated and independent effects of yoga, spiritual counseling (and cow cuddling 1* as an HAI –human animal intervention) on human psychological health and immune status   in the view of recent covid 19 pandemic.",Dr.Snehal Donde,Completed,No
101,2020,"A Prospective, observational study, to analyse the psychological effects of Covid-19 pandemic",Dr.Dhaval Dalal,Completed,Yes
102,2020,"Prospective, single center, observational study on evaluation of use of Homeopathic medicine Arsenic Album for prophylaxis of SARS-CoV-2 infection in “health care workers” and their family members, in tertiary care center",Dr.Kirti Mutreja,Completed,No
103,2020,"Prospective , single center ,open label, randomized controlled  , pilot study on evaluation of use of , “AYURCOV” as an adjuvant  for prophylaxis and treatment purpose in frontline health care workers involved in treating COVID-19 patients and contacts of COVID-19 patients and treatment of SARS-CoV-2 infection for covid-19 patients  , at tertiary care center.",Dr.Nanasaheb Memane,Completed,Yes
104,2020,"Retrospective , single center , observational study to evaluate treatment outcome of evaluation of COVID-19 patients, at dedicated covid hospital",Dr Prafulla Samant,Completed,Yes
105,2020,"Retrospective, single center, observational study on evaluation of use of combination of hydroxy chloroquine & Vit D-3 for prophylaxis of SARS-CoV-2 infection in , “health care workers” , at dedicated covid hospital  .",Dr Prafulla Samant,Completed,Yes
108,2020,A cross sectional questionnaire based survey to assess anxiety & stress due to COVID-19 pandemic on medical & paramedical staff.,Dr.Gunjan Ramteke,Completed,Yes
109,2020,Retrospective multicenter study on clinical utility of comprehensive genomic profiling in cancer care,Dr.Nirmal Raut,Completed,No
110,2020,"A Prospective, interventional , single centre, cohort  study, to analyse effect of sound vibrations of , “Hare Krishna Mahamantra” on psychological well-being , of admitted Covid-19  patients at Dedicated Covid Hospital .",Dr.Ajay Sankhe,Completed,Yes
111,2020,"Retrospective analysis of clinical experience in treatment of asymptomatic, suspected, symptomatic, and clinically stable patients of covid 19 with standalone and adjuvant Homeopathy",Dr.Kirti Mutreja,Completed,No
112,2020,Cough based Artificial Intelligence Screening Tool for COVID-19 Disease.,Dr.Ajay Sankhe,Completed,No
113,2020,A retrospective study of performance of SARS-CoV-2 detection using different primer/probe assays.,Ms.Veda Devkumar,Completed,No
115,2020,"Prospective, single centre, study to find the association between Covid - 19 disease and constitutional nature of a person i.e. Specific Prakriti with traditional nadipariksha and Veda pulse an integrated instrument.",Dr.Sonal  Memane,Ongoing,No
116,2020,Retrospective single center observational study of Efficacy/ Role of prophylactic antibiotics in Dilatation and curettage management .,Dr.Kamalpriya Thiyagarajan,Completed,Yes
117,2020,"Prospective , multi center ,single blind , randomized controlled  study on evaluation of use of , “AyurCoro3” as an adjuvant  for the treatment purpose in mild to moderate COVID-19 patients at tertiary care center.",Dr.Nanasaheb Memane,Completed,Yes
118,2020,"Prospective , multi center ,open label,  pilot study on evaluation of use of , “AyurCoro-3” for prophylaxis purpose in frontline health care workers involved in treating COVID-19 patients.",Dr.Nanasaheb Memane,Completed,Yes
119,2020,"Prospective, single center, open label, observational study with matched control to evaluate the effect of Homeopathic medicines in treating thrombocytopenia associated with dengue in a tertiary care hospital practicing Integrated Medicine.",Dr.Gourish Shettey,Ongoing,No
120,2020,Retrospective prescription event monitoring study of EMROK & /or EMROK-O (Levonadifloxacin),Dr.Ankit Mody,Withdrawn by PI,NA
121,2020,Infection prevention and control practices in COVID pandemic and measures taken to prevent transmission of SARS-CoV-2 at tertiary care hospital in North Mumbai- A retrospective single centre study,Dr.Kinjal Patel,Completed,Yes
122,2020,Prospective study of feeding behaviour in full term neonates born to diabetic mothers in comparision to full term neonates born to non diabetic mothers.,Dr.Janhavi Shah,Ongoing,No
123,2020,"Assessment of nutritional status in patients on haemodialysis using handgrip strength - A prospective,  observational study in Indian Population.",Dr.Makbool Ali,Ongoing,No
124,2020,"Predicting the outcome of patients with COVID-19 using a composite scoring system based on CT and laboratory parameters - a prospective, observational study.",Dr.Rakeshkumar Gurjar,Withdrawn by PI,NA
125,2021,"Retrospective, single center, observational study to analyze and correlate trend of Diabetes mellitus over last 5 years at tertiary care center.",Dr.Dhaval Dalal,Completed,Yes
126,2021,"Retrospective, single center, observational research project  to study prevalence  of Septicemia over last 5 years at tertiary care center.",Dr.Dhaval Dalal,Completed,Yes
127,2021,Impact of Cardiopulmonary Rehabilitation in recovery of COVID-19 patients- Retrospective study,Dr.Nayana Gosavi,Completed,Yes
128,2021,Impact Of Nutritional Food Supplementation And Nutrition Education In Treating Malnutrition In Anganwadi Children,Dr.Ajay Sankhe,Ongoing,No
129,2021,Retro-prospective data analysis among the Covid tested population and the post covid effects among the positive patients in Mumbai suburbs.,Dr.Balkrishnan,Withdrawn by PI,NA
130,2021,A retrospective study on compliance of extended use and limited reuse of N95 filtering face piece respirators at tertiary care hospital,Dr.Kinjal Patel,Completed,Yes
131,2021,Epidemiology of an outbreak caused by Carbapenem resistant Acinetobacter baumannii  complex in Intensive care unit of a tertiary care hospital in North Mumbai- a retrospective study,Dr.Kinjal Patel,Completed,Yes
132,2021,"A retrospective , observational study, to analyse the effect of  Covid-19 counselling training  session  intervention on generalized anxiety amongst health care workers .",Dr.Dhaval Dalal,Completed,Yes
133,2021,Assessment of Clinical Outcome of Platelet Rich Plasma (PRP) Injection in Progression of Mild to Moderate Osteoarthritis Patients. A Retrospective Study.,Dr.Girish Rathod,Completed,Yes
134,2021,An initiative for complete Hepatitis B vaccination course of all the dentists in Maharashtra- A unique Hepatitis B vaccination drive.,Dr.Shrirang Sevekar,Withdrawn by PI,NA
135,2021,Retrospective comparison of total corneal refractive power pre- and post-operatively in patients undergoing Femto Laser Assisted Cataract Surgery with Limbal Relaxing Incisions.,Dr.Abhijeet Desai,Ongoing,No
136,2021,"Prospective, single center, observational study to assess clinical and radiological outcome of Inter-Trochanteric fractures treated with Proximal Femoral Nail A2.",Dr.Girish Rathod,Ongoing,No
137,2021,"Prospective, single center, computed tomography based observational study of morphometric analysis of odontoid process of second cervical vertebrae at a tertiary care center.",Dr.Girish Rathod,Ongoing,No
138,2021,Role of Compliance of preventive and maintenance inhaled medication in the management of obstructive airway disease in urban Indian setting a prospective observational study.,Dr.Rakeshkumar Gurjar,Completed,Yes
139,2021,"A Prospective study to evaluate symptoms, post covid vaccine administration.",Dr.Gunjan Ramteke,Ongoing,No
140,2021,Comparison of endothelial cell loss in viscoless phacoemulsification versus soft shell technique of phacoemulsification. -A Retrospective Study,Dr.Abhijeet Desai,Ongoing,No
141,2021,A retrospective study to understand the epidemiology of orthopaedic problems among patients of the Orthopaedic Out patient department at a tertiary care center.,Dr.Girish Rathod,Completed,Yes
142,2021,Energy Efficient chop:A modified technique of nucleus chopping,Dr.Abhijeet Desai,Completed,Yes
143,2021,"Retrospective, single center, interventional study of analysis of functional outcome of additional Dorsal K-wire in distal radius fracture along with Radial styloid K wires.",Dr.Girish Rathod,Ongoing,No
144,2021,"Prospective, multi center, observational, study on evaluation of use of, “AyurCoro3” as an adjuvant for the treatment purpose in mild to moderate COVID-19 patients at tertiary care center.",Dr.Nanasaheb Memane,Completed,Yes
145,2021,A retrospective study to analyze the causes of missed abortion among patients of the gynecology Out patient department at a tertiary care center.,Dr.Kamalpriya Thiyagarajan,Ongoing,No
146,2021,"Maternal and foetal outcome in twin pregnancy, a retrospective, single center, cohort, observational study in Indian scenario.",Dr.Vaishali Choudhary,Completed,Yes
147,2021,An observational study to understand the clinical significance of presence of Circulating Tumor Cells (CTC) in High Grade Serous Ovarian Carcinoma (Grade III/IV). Acronym OVACTC.,Dr.Nirmal Raut,Ongoing,No
148,2021,A prospective study to understand the prevalence of PCOS and analyze its causes among patients of the gynecology Out patient department at a tertiary care center.,Dr.Kamalpriya Thiyagarajan,Completed,No
149,2021,A prospective study to understand the epidemiology of gynecological problems among patients of the gynecology Out patient department at a tertiary care center.,Dr.Kamalpriya Thiyagarajan,Completed,Yes
150,2021,"Retrospective single center study, evaluating prevalence of anaemia among men and women, based on haemoglobin and packed cell volume concentration, at tertiary care centre in India.",Dr.Dhaval Dalal,Completed,Yes
151,2021,"Retrospective, single center, observational, study on evaluation of efficacy and safety profile of “AyurCoro3” by analyzing, feedback data in Ayurveda DeptDr.Nanasaheb Memane Completed Yes 152 HRCT guided anatomico-pathophysiological scoring system of pulmonary manifestations of Covid-19.Dr.Dhaval Dalal Completed Yes 153 Prospective, single center study to analyze role of sodium channel blockers in patients with p rolapsed intervertebral disc (PIVD) with acute sciatica.",Dr.Nitin Raut,Ongoing,No
154,2021,Comparison of DIPSI and IADPSG criteria for diagnosis of GDM (gestational diabetes mellitus) – a prospective study in a sub-urban multi-speciality hospital.,Dr.Yogini Patil,Completed,Yes
155,2021,Co-relation between MRI and Arthroscopy findings in diagnosis of meniscus injuries based on location of the meniscus tear and pattern of the meniscus tear,Dr.Chandan Shetty,Completed,Yes
156,2021,"Screening for mental disorders in patients with newly diagnosed coronary artery disease: A prospective, cross-sectional, observational study.",Dr.Nitin Abdagire,Completed,Yes
157,2021,Integration of Spiritual Counseling in improving the well-being of depression patients who have suicidal ideation,Ms.Papiya Sanyal,Completed,Yes
158,2021,Exploring the Effect of Spiritual Counseling for Improving Quality of Life and Spiritual Well-Being of Cancer Patients,Ms.Aleya sanyal,Completed,Yes
159,2021,"Prospective, Single Centre, Observational study on evaluation of changes in blood pressure in preoperative period in patients posted for Cataract surgery in Indian population.",Dr.Kshama Shah,Ongoing,No
160,2021,A Prospective Multicentric study of Thoracic Segmental Spinal Anaesthesia.,Dr. Rajesh Rao,Ongoing,No
161,2021,Impact of antibiotic rotation protocol on antimicrobial resistance pattern in a tertiary care hospital - A retrospective study.,Dr.Kinjal Patel,Completed,Yes
162,2021,An open labelled multicentric clinical trial of safety and efficacy of Feijoa freeze dried powder (FFDP) capsule in treated uncontrolled type 2 diabetic patients.,Dr.Ameya Joshi,Completed,No
163,2021,Development of a prescreening tool in hindi for early identification of peripheral neuropathy,Dr.Ameya Joshi,Ongoing,No
164,2021,"Prospective, single center study to assess the utility of pre-operative spiritual care intervention on post-operative stress.",Dr.Vaishali Choudhary,Completed,Yes
165,2021,"Prospective, Single center study to understand the relevance of Telemedicine in orthopedic practice during Covid-19 era.",Dr.Girish Rathod,Ongoing,No
166,2021,"Single center, Retrospective, Observational study to compare and assess the epidemiology of diseases in the in-patient department of Orthopaedics during and before the Covid-19 era.",Dr.Pushkar Borole,Ongoing,No
167,2021,"A retrospective, single center, observational study to analyze correlation between Vitamin D-3 deficiency in orthopedic disorders.",Dr.Nitin Raut,Completed,Yes
168,2021,"Prospective, single centre, observational cohort study to evaluate pattern of infections in chemotherapy induced neutropenia.",Dr.Prashant Patil,Ongoing,No
169,2021,"Prospective, single center, observational study to analyze the outcome of modified limberg flap technique in pilonidal sinus",Dr.Sharad Waje,Ongoing,No
170,2021,National (i Ndian  Analgo-seda TION  And deLirium): Multi-center Prospective Observational Study of Current Analgo- Sedation Practices and the incidence of delirium in Indian ICUs: INSTINCT II study (INhaled SedaTion IN CriTically ill patients – INSTINCT study Group),Dr.Prashant Dhotre,Ongoing,No
171,2021,"Prospective, Multicenter, Study to Analyze the impact of Emotional Intelligence of Doctors on Patient-Doctor relationship and Patient Satisfaction.",Dr.Dhaval Dalal,Ongoing,No
172,2022,Phase 3 randomized study for evaluation of physician choice Rx and triple metronomic as second line therapy in head and neck cancer.,Dr.Nirmal Raut,Ongoing,No
173,2022,"Prospective, randomized, two-arm, observational pilot study to evaluate accuracy of  a digital platform that predicts early risk and severity of Non-alcoholic Fatty Liver Disease (NAFLD) and disease management approach in Indian NAFLD patients.",Dr.Kirti Mutreja,Completed,Yes
174,2022,Real world study of Safety and Efficacy of Lorlatinib in ALK-rearranged advanced non- small cell lung cancer patients in India - a multicenter chart review study,Dr.Nirmal Raut,Ongoing,No
175,2022,"A prospective observational study of the clinical and haematological parameters in newborns, born to mothers with pregnancy induced hypertension in comparison to the newborns born to mothers without pregnancy induced hypertension.",Dr.Sana Agrawal,Ongoing,No
176,2022,Prospective observational study of prevalence and distribution of congenital heart defects in neonates and infants with clinical murmur in a tertiary care centre.,Dr.Jyotsima Pandey,Ongoing,No
177,2022,OCT study of post- phacoemulsification healed corneal wounds,Dr.Harika Hari,Ongoing,No
178,2022,"Prospective, single center observational study of severity of hypomagnesemia in critically ill patients.",Dr.Anirudh Kulkarni,Ongoing,No
179,2022,DC000081 An observational study to assess the effect of the Accu-check sugar view app (based on app version 4.0.3) on diabetes empowerment of subjects with type-2 diabetes mellitus (BEAT Accu-check sugar view India study),Dr.Ameya Joshi,Ongoing,No
180,2022,"A retrospective, single centre study for conducting the analysis of the histopathological findings of appendix biopsies in patients at a tertiary care centre.",Dr.Sarang Degloorkar,Completed,Yes
181,2022,"A retrospective, single centre study of the histopathological analysis of breast biopsies in patients at a tertiary care centre.",Dr.Sarang Degloorkar,Completed,Yes
182,2022,"A retrospective, single centre study for analysing the histopathological findings of lymph node biopsies in patients at a tertiary care centre.",Dr.Sarang Degloorkar,Completed,Yes
186,2022,"A prospective, single center, questionnaire based, cross sectional, observational study to investigate the association of obesity with eating habits and physical activity among children and adolescents.",Dr.Ameya Joshi,Ongoing,No
187,2022,Clinical morphology and AS-OCT analysis of trabeculectomy blebs a prospective single centre observational study.,Dr.Vishakha Patil,Ongoing,No
188,2022,Prevalence of glaucoma in obstructive sleep apnoea patients.,Dr.Druti Varde,Ongoing,No
189,2022,To compare the efficacy of Vitamin E versus Saroglitazar versus Silymarin versus Trimethyglycine (TMG) in Non-alcoholic fatty liver disease (NAFLD) and Non- alcoholic Steatohepatitis (NASH) patients .,Dr.Ashwath Vasudevan,Ongoing,No
190,2022,The Indian Biobank Project: Study of Health and Disease among Indians,Dr.Dhaval Dalal,Ongoing,No
191,2022,"A Single centre, multi arm , prospective, observational study to evaluate the relationship between gut-microbiome and different types of lung cancers",Dr.Nirmal Raut,Ongoing,No
192,2022,"Prospective, cross sectional, observational study to analyze the correlation between Emotional Intelligence and burnout syndrome among health care workers.",Dr.Vijaykumar Gawali,Ongoing,No
193,2022,Hospital Based Cancer Registries in India,Dr.Nirmal Raut,Ongoing,No
194,2022,An observational cohort study to evaluate the association between lifestyle behaviour of medical doctors and lifestyle disease profile,Dr.Ajay Godse,Completed,Yes
195,2022,"A retro-prospective, single centre study to correlate outcomes using OncoPredikt, an (AI-enabled platform) to predict genomic signatures from histopathological images in lung adenocarcinoma patients.",Dr.Nirmal Raut,Ongoing,No
196,2023,Impact of pulmonary rehabilitation on lung functions and quality of life in chronic respiratory disease patients-Retrospective study,Dr.Bhagyashree Karande,Ongoing,No
197,2023,Correlation between Oncotype Dx and Magee equation in Indians with Breast Cancer-Retrospective study,Dr.Nirmal Raut,Ongoing,No
198,2023,"US-APR2020-01 A Double-Blind, Randomized, Placebo-Controlled Phase 2 Clinical Trial to Evaluate Safety and Efficacy of US-APR2020 in Subjects with Chronic Kidney Disease Stage IV.",Dr.Jyotsna Zope,Completed,No
199,2023,The Impact of spiritual care intervention on Quality of Life in Cancer Patients.,Dr.Nirmal Raut,Ongoing,No
200,2023,Prospective observational study to correlate total serum IgE levels with clinical parameters and outcomes in case of wheezing associated lower respiratory tract infection in children in age group 6 months– 5 years.,Dr.Diksha Singh,Ongoing,No
201,2023,Study of association of diet & lifestyle related risk factors in functional constipation in urban Indian children,Dr.Pranali Mahajan,Ongoing,No
202,2023,"A two arm, prospective, interventional, single center, comparative study to observe the effects of structured self-perineal care education on episiotomy care, pain and wound healing outcome among Bhaktivedanta hospital and research institute.",Mrs.Suchitra Dalvi,Ongoing,No
203,2023,"A two arm, prospective, single centre , randomized, controlled, interventional study to assess effect of Bhaktivedanta mantra audio therapy on outcome of critically ill patients in intensive care unit of tertiary care centre.",Dr.Komal Dalal,Ongoing,No
204,2023,"A prospective, comparative, single centre, proof-of-concept study to evaluate safety and efficacy of SHARP-veda as add on therapy to the standard of care in coronary artery calcification in comparison with control arm having standard of care.",Dr.Sandeep Patil,Ongoing,No
205,2023,Coronary artery calcium scoring as screening tool for ischemic heart disease and it’s correlation with risk markers in type 2 diabetes mellitus,Dr.Bhushan Waykole,Ongoing,No
206,2023,"Utility of ascvd risk score, Framingham risk score and CT coronary calcium score in known DM patient with no history Of ischemic heart disease in prediction of heart disease",Dr. Siddhesh Ravindra Patil,Ongoing,No
207,2023,Impact of pterygium on dry eye parameters and pattern of meibomian glands.,Dr.Vrushali Andraskar,Ongoing,No
208,2023,Optical Coherence Tomography study of post phacoemulsification healed corneal wounds.,Dr.Pranami Dewan,Ongoing,No
209,2023,"A retrospective, single centre, two-arm, electronic medical record-based study to evaluate ASCVD risk calculator in predicting risk of Acute Coronary Syndrome in patients with Type 2 Diabetes Mellitus.",Dr.Ameya Joshi,Completed,Yes
210,2023,A retrospective single centre study to analyse the adverse events during intra operative and post operative period in patients who have received anaesthesia at a tertiary care hospital.,Dr.Kshama Shah,Ongoing,No
211,2023,"A retrospective, single centre study to evaluate the intra-operative and post- operative mortality and morbidity in high- risk cardiac patients coming for non-cardiac surgeries at a tertiary care facility.",Dr.Shilpa Tiwaskar,Ongoing,No
212,2023,"A single centre, retrospective study to analyse the factors determining choice of anaesthesia procedures in patients undergoing surgery for femur fracture at tertiary care centre.",Dr.Shilpa Tiwaskar,Completed,Yes
213,2023,"A retrospective, single centre study of the histopathological analysis of gall bladder biopsies in patients at a tertiary care centre.",Dr.Sarang Degloorkar,Completed,Yes
214,2023,"A prospective, observational, multi-centre single arm study to evaluate safety efficacy of thermal ablation in patients with thyroid nodules and its recurrence.",Dr.Gaurav Gangwani,Ongoing,No
215,2023,"Prospective, comparative, interventional, single centre, pilot study to compare regression of sensory block of 0.75 % ropivacaine heavy with 0.5% bupivacaine heavy after subarachnoid block in pregnant patients coming for caesarean section.",Dr.Shilpa Tiwaskar,Ongoing,No
216,2023,"A prospective, two arm, single centre, controlled, interventional study to assess the effect of Bhaktivedanta mantra audio therapy on infants in Neonatal Intensive care unit and their parents in a tertiary care institute.",Dr.Komal Dalal,Ongoing,No
217,2023,The Etiology of Intensive care Unit Readmission and Evaluation of Stability and Workload Index for Transfer (SWIFT) Score as a Predictor of ICU Readmission.,Dr.Sagar Sisodiya,Ongoing,No
218,2023,"A retrospective, single centre study to analyse the type of anaesthesia for Hysteroscopic procedures and review of complications.",Dr.Kshama Shah,Completed,Yes
219,2023,A single centre retrospective study analysing 50 cases of Taylor’s approach to spinal anaesthesia (TASA) in patients operated for infraumbilical surgeries with difficult lumbar approach for neuraxial blockade,Dr.Vivek Kulkarni,Completed,Yes
220,2023,"A two arm, prospective, single centre, interventional, randomized, controlled study to assess effect of Bhaktivedanta mantra and music audio therapy on outcome of blood sugar levels and stress levels, in patients diagnosed with gestational diabetes and pregnant women’s having diabetes risk factors in a tertiary care institute.",Dr.Komal Dalal,Ongoing,No
221,2023,"A single centre, retrospective study to audit the NtProBNP screening in patients with Type-2 Diabetes Mellitus (T2DM) and prediabetes attending the outpatient department (OPD) of tertiary care hospital.",Dr.Ameya Joshi,Completed,Yes
223,2023,A single centre retrospective study on hyponatremia-A diversified disorder,Dr.Namrata Rao,Ongoing,No
224,2023,"A retrospective, single center study to audit the 5S approach of physical activity among the sub urban population of Mumbai with Type 2 Diabetes Mellitus.",Dr.Ameya Joshi,Completed,Yes
225,2023,Effectiveness of structured teaching programme on human rights of mentally ill among nurses working in selected hospital at Maharashtra.,Mrs.Yogmaya Suman,Completed,No
226,2023,"A two arm, single centre, prospective, randomized, interventional study to evaluate the effect of ERAS pathway Vs traditional methods in patients undergoing Lower Segment Cesarian Section (LSCS).PI: Dr Kamalapriya Thiyagarajan, Dr.Yogini Patil, Dr.vaishali Choudhary,",Dr.Kshama Shah,Completed,No
227,2023,Prospective observational comparative single centre study to evaluate the impact of maternal obesity on maternal and fetal outcomes”.PI:,Dr.Madiha Memon,Ongoing,No
228,2023,"A prospective, comparative, single Centre study of platelet parameters (Counts and Indices) in cases with thrombocytopenia due to different clinical severity grades of dengue in comparison to normal platelet parameters in pediatric population (1-16 Years)”PI :",Dr.Suhas Patil,Ongoing,No
229,2023,A registry to collect characteristics and outcomes from patients with solid tumors profiled with a next generation sequencing test (WAYFIND-R)PI :,Dr.Nirmal Raut,Ongoing,No
230,2023,Study of co-relation between inflammatory markers and various severity grades of meconium aspiration syndrome (MAS) & their outcome.PI :,Dr.Deepali Shukla,Ongoing,No
231,2023,"An observational, comparative study to evaluate correction of pre-existing astigmatism using paired opposite clear corneal incisions with and without limbal, relaxing incisions in cataract patients undergoing topical phacoemulsification. PI:",Dr.Priyanka Maurya,Ongoing,No
232,2023,“Study of dyslipidemia in overweight and obese children in age group of 5-18 yrs and it's corelation with anthropometric parameters and visceral fat.PI:,Dr.Riddhi Jadhav,Ongoing,No
233,2023,"An observational, crosssectional study to find ophthalmic disorders and their risk factors in children with developmental delay at a tertiary centre in western India.PI:",Dr.Gayatri Pawar,Ongoing,No
234,2023,The Indian Biobank Project: Study of Health and Disease Among Indians,Dr.Dhaval Dalal,Ongoing,No
235,2023,"Prospective, single center observational study of co-relating hypomagnesemia with clinical outcome in critically ill patient",Dr.Krishna Sawale,Ongoing,No
236,2024,Qualitative & quantitative assessment of sleep  in acute coronary syndrome patients & it’s correlation with the risk of acute coronary event- a cross sectional observational study .,Dr.Harikrishna Sharma,Ongoing,No
237,2024,"Prospective observational study for prediction of pre-eclampsia at 11 to 14 weeks of gestation using mean arterial pressure, uterine artery doppler and pregnancy- associated plasma protien-a",Dr.Gargee Sharma,Ongoing,No
238,2024,An observational cross sectional study of association between nephrolithiasis and syndrome x.,Dr.Samit Doshi,Ongoing,No
239,2024,"Prospective, multicentre open clinical study to access the safety, performance, and efficacy of the AGM100@ in patients suffering with respiratory and metabolic stress LD-AGM100.",Dr.Ajay Godse,Ongoing,No
240,2024,"A single center, prospective, single arm, interventional, open labelled, pilot study to understand the efficacy of the intake of oyster mushroom-based soup mix for plasma, glucose control in pre diabetic patients",Dr.Dhaval Dalal,Ongoing,No
241,2024,"Assessment of risk factors, risk predictors, and trigger factors for the development of acute coronary syndrome in patients between 18-45 years of age- an observational, cross- sectional single center study",Dr.Sandeep Patil,Ongoing,No
242,2024,"A prospective, interventional, randomised, two-arm, single centre study to evaluate the effect of ten-on-ten syrup on children with attention deficit hyperactivity disorder. (ADHD)",Dr.Omkar Hajirnis,Ongoing,No
243,2024,"A prospective, interventional, single centre study to p redict the validity of personalized therapy utilizing breast cancer patient derived advanced ex vivo functional 3D cancer models",Dr.Nirmal Raut Terminated by SponsorNA,,
244,2024,"A prospective, multi-centric, observational study of patients experiencing Near-Death Experience in tertiary care centers in India.",Dr.Komal Dalal,Ongoing,No
245,2024,"A single centric, retrospective study to evaluate the association between spirometry values and presence as well as severity of Obstructive Sleep Apnea (OSA)",Dr.Ajay Godse,Ongoing,No
247,2024,"A single-center, prospective, observational study to evaluate the effect of acupuncture treatment on lumbar disc pain and functional fitness in patients diagnosed with herniated lumbar disc disease.",Dr.Komal Dalal,Ongoing,No
248,2024,"A prospective , observational study to analyze the factor predicting the role of double J stenting technique in management of acute pyelonephritis",Dr.Vikas kumar,Ongoing,No
249,2024,"A prospective, interventional, single-center study to assess the impact of spiritual care practices and counseling on changes in stress levels, anxiety levels along with sleep quality and cognitive functions among ICU, IMCU, CCU nurses.",Dr.Komal Dalal,Ongoing,No
250,2024,Epidemiology and microbiology of bloodstream infection- a multicentric observational study in Mumbai Region.,Dr.Sumeer Kaul.,Ongoing,No
251,2024,"A Prospective, Single-Centre Interventional Study to Assess the Impact of Pranayama and Meditation on psychological and physiological wellbeing of Paramedical Staff.",Dr Jyotsana Karande,Ongoing,No
252,2024,"A prospective, observational study to compare the effectiveness of self- administered patient questionnaires, the International Prostate Symptom Score (IPSS) and the Visual Prostate Symptom Score (VPSS), in evaluating lower urinary tract symptoms in patients with benign prostatic enlargement.",Dr. Siva Prasad Gourabathini,Ongoing,No
253,2024,Hepatitis B vaccination drive in a private hospital setup: An experience.-Retrospective studyMs,"Anushka Bhivandkar,",Ongoing,No
254,2024,A Single centre retrospective study to evaluate the changing treand and prevalvence of malaria in Thane district,Dr.Suraj Purushothaman,Ongoing,No
255,2024,"A single-center, prospective, interventional, randomized, two-arm, comparative pilot study to evaluate the effect of post-operative saline nebulization on upper respiratory dysfunction in patients undergoing general anesthesia.",Dr.Vivek Kulkarni,Ongoing,No
256,2025,"A single-centre, prospective, two-arm, observational, randomized study to investigate the causative factors of postoperative sore throat (POST) and assess whether maintaining endotracheal tube cuff pressure between 20-30 cm H2O and supraglottic airway device cuff pressure up to 60 cm H2O influences the incidence of POST.",Dr. Shilpa Tiwaskar,Ongoing,No
257,2025,"A prospective, single-center, randomized, interventional, open-label, two-arm study to assess the impact of short term gut microbiome modulation in patients undergoing spinal surgery.",Dr Vivek Kulkarni,Ongoing,No
260,2025,A Single Centre prospective Observational Two Arm study using Dexmedetomidine as a premedication by Inhalational and Intravenous Route for Flexible Bronchoscopy.,Dr.Sowmya Nagari,Ongoing,No
261,2025,An Observational control study to evaluate corneal topographic changes in patients with allergic conjunctivitis.,Dr. Priya Singh,Ongoing,No
262,2025,"Prospective, Observational, Single center study to evaluate the foeto-maternal outcomes in Premature Rupture of Membranes and Preterm Premature Rupture of Membranes.",Dr. Afsana Mansuri,Ongoing,No
263,2025,A prospective hospital based observational study about region specific epidemiology for extended fever in North Mumbai sub-urban region.,Dr. Neha Nemani,Ongoing,No
264,2025,"A Study on the correlation of free T3/free T4 ratio with lipid profile hepatic fat and , visceral fat pad in adults.",Dr. Shubhankar Linge,Ongoing,No
265,2025,A prospective observational single centre study of comparision of ET-CPAP/PS method and T-piece method for spontaneous breathing trial to predict successful extubation in very low birth weight neonates.,Dr. Vidushi Sinha,Ongoing,No
266,2025,A single Centre prospective observational study aimed at evaluating feto-maternal outcome in meconium-stained liquor and identifying maternal factors associated with meconium-stained liquor.,Dr. Aleena Ahmad,Ongoing,No
267,2025,"A prospective, single center, observational study on the visual performance of an enhanced monofocal IOL post  phaco- emulsification cataract surgery.",Dr. Shubham Naik,Ongoing,No
268,2025,"A single centre, Prospective, observational study to evaluate the effectiveness of electronic versus paper-based bladder diaries in the clinical assessment of lower urinary tract symptoms",Dr AjayKumar Gajengi,Ongoing,No
269,2025,"A single- centre, prospective, observational, two arm study to compare effects of intravenous fentanyl with intravenous nalbuphine for laparoscopic hysterectomy in terms of intraoperative hemodynamics, postoperative analgesia and postoperative side-effects.",Dr. Poornima Raut,Ongoing,No
270,2025,Single centre observational study on the association  between antenatal cortico-steroid administration and neonatal outcome with focus on  hypoglycemia in late preterm infants  (34-36 week 6 days).,Dr. Satyam Tiwari,Ongoing,No
271,2025,"A single centre, Prospective, Open-label, nonrandomized, interventional study to Evaluate the Impact of Emotional Intelligence Training and Management on Doctor–Patient Communication, Adherence, and Satisfaction in a Tertiary Care Hospital of District Thane, Maharashtra.",Dr. Ila Ghosh,Ongoing,No
272,2025,A Comparative Observational Prospective Study To Assess Outcome In Monopolar Transurethral Resection Of The Prostate (TURP) Vs Holmium Laser Enucleation Of The Prostate (HOLEP) In Benign Prostatic Hyperplasia,Dr. Harshad Kavad,Ongoing,No
273,2025,"A Single Center Observational Study Of Etiological Profile, Clinical Characteristics, Adherence To GDMT and Short-Term Outcome In HFrEF Patient In Tertiary Care Centre",Dr. Dharmesh Upadhyay,Ongoing,No
274,2025,"A single centre, retrospective, cross-sectional study on the effect of social media on mental health of students in a selected rural community area in Thane District, Maharashtra.",Dr. Bhadrapriya Parab,Ongoing,No
275,2025,"Dozee as a Screening Tool for Sleep Apnea Detection, Classification and Sleep Staging .",Dr. Ajay Godse,Ongoing,No
276,2025,Clinical Validation of Dozee’s Contactless Vital Sign Measurements,Dr. Prashant Dhotre,Ongoing,No
277,2025,"A prospective, interventional, single-center study to assess the impact of mantra meditation and counseling on changes in stress levels, anxiety levels along with sleep quality, and cognitive functions among Resident Medical Officer.",Dr. Komal Dalal,Ongoing,No
